[
  { "number": 1, "name": "الفاتحة", "englishName": "Al-Fatiha", "type": "مكية", "ayahCount": 7, "pageNumber": 1 },
  { "number": 2, "name": "البقرة", "englishName": "Al-Baqarah", "type": "مدنية", "ayahCount": 286, "pageNumber": 2 },
  { "number": 3, "name": "آل عمران", "englishName": "Aal-Imran", "type": "مدنية", "ayahCount": 200, "pageNumber": 50 },
  { "number": 4, "name": "النساء", "englishName": "An-Nisa", "type": "مدنية", "ayahCount": 176, "pageNumber": 77 },
  { "number": 5, "name": "المائدة", "englishName": "Al-Ma'idah", "type": "مدنية", "ayahCount": 120, "pageNumber": 106 },
  { "number": 6, "name": "الأنعام", "englishName": "Al-An'am", "type": "مكية", "ayahCount": 165, "pageNumber": 128 },
  { "number": 7, "name": "الأعراف", "englishName": "Al-A'raf", "type": "مكية", "ayahCount": 206, "pageNumber": 151 },
  { "number": 8, "name": "الأنفال", "englishName": "Al-Anfal", "type": "مدنية", "ayahCount": 75, "pageNumber": 177 },
  { "number": 9, "name": "التوبة", "englishName": "At-Tawbah", "type": "مدنية", "ayahCount": 129, "pageNumber": 187 },
  { "number": 10, "name": "يونس", "englishName": "Yunus", "type": "مكية", "ayahCount": 109, "pageNumber": 208 },
  { "number": 11, "name": "هود", "englishName": "Hud", "type": "مكية", "ayahCount": 123, "pageNumber": 221 },
  { "number": 12, "name": "يوسف", "englishName": "Yusuf", "type": "مكية", "ayahCount": 111, "pageNumber": 235 },
  { "number": 13, "name": "الرعد", "englishName": "Ar-Ra'd", "type": "مدنية", "ayahCount": 43, "pageNumber": 249 },
  { "number": 14, "name": "إبراهيم", "englishName": "Ibrahim", "type": "مكية", "ayahCount": 52, "pageNumber": 255 },
  { "number": 15, "name": "الحجر", "englishName": "Al-Hijr", "type": "مكية", "ayahCount": 99, "pageNumber": 262 },
  { "number": 16, "name": "النحل", "englishName": "An-Nahl", "type": "مكية", "ayahCount": 128, "pageNumber": 267 },
  { "number": 17, "name": "الإسراء", "englishName": "Al-Isra", "type": "مكية", "ayahCount": 111, "pageNumber": 282 },
  { "number": 18, "name": "الكهف", "englishName": "Al-Kahf", "type": "مكية", "ayahCount": 110, "pageNumber": 293 },
  { "number": 19, "name": "مريم", "englishName": "Maryam", "type": "مكية", "ayahCount": 98, "pageNumber": 305 },
  { "number": 20, "name": "طه", "englishName": "Ta-Ha", "type": "مكية", "ayahCount": 135, "pageNumber": 312 },
  { "number": 21, "name": "الأنبياء", "englishName": "Al-Anbiya", "type": "مكية", "ayahCount": 112, "pageNumber": 322 },
  { "number": 22, "name": "الحج", "englishName": "Al-Hajj", "type": "مدنية", "ayahCount": 78, "pageNumber": 332 },
  { "number": 23, "name": "المؤمنون", "englishName": "Al-Mu'minun", "type": "مكية", "ayahCount": 118, "pageNumber": 342 },
  { "number": 24, "name": "النور", "englishName": "An-Nur", "type": "مدنية", "ayahCount": 64, "pageNumber": 350 },
  { "number": 25, "name": "الفرقان", "englishName": "Al-Furqan", "type": "مكية", "ayahCount": 77, "pageNumber": 359 },
  { "number": 26, "name": "الشعراء", "englishName": "Ash-Shu'ara", "type": "مكية", "ayahCount": 227, "pageNumber": 367 },
  { "number": 27, "name": "النمل", "englishName": "An-Naml", "type": "مكية", "ayahCount": 93, "pageNumber": 377 },
  { "number": 28, "name": "القصص", "englishName": "Al-Qasas", "type": "مكية", "ayahCount": 88, "pageNumber": 385 },
  { "number": 29, "name": "العنكبوت", "englishName": "Al-Ankabut", "type": "مكية", "ayahCount": 69, "pageNumber": 396 },
  { "number": 30, "name": "الروم", "englishName": "Ar-Rum", "type": "مكية", "ayahCount": 60, "pageNumber": 404 },
  { "number": 31, "name": "لقمان", "englishName": "Luqman", "type": "مكية", "ayahCount": 34, "pageNumber": 411 },
  { "number": 32, "name": "السجدة", "englishName": "As-Sajda", "type": "مكية", "ayahCount": 30, "pageNumber": 415 },
  { "number": 33, "name": "الأحزاب", "englishName": "Al-Ahzab", "type": "مدنية", "ayahCount": 73, "pageNumber": 418 },
  { "number": 34, "name": "سبإ", "englishName": "Saba", "type": "مكية", "ayahCount": 54, "pageNumber": 428 },
  { "number": 35, "name": "فاطر", "englishName": "Fatir", "type": "مكية", "ayahCount": 45, "pageNumber": 434 },
  { "number": 36, "name": "يس", "englishName": "Ya-Sin", "type": "مكية", "ayahCount": 83, "pageNumber": 440 },
  { "number": 37, "name": "الصافات", "englishName": "As-Saffat", "type": "مكية", "ayahCount": 182, "pageNumber": 446 },
  { "number": 38, "name": "ص", "englishName": "Sad", "type": "مكية", "ayahCount": 88, "pageNumber": 453 },
  { "number": 39, "name": "الزمر", "englishName": "Az-Zumar", "type": "مكية", "ayahCount": 75, "pageNumber": 458 },
  { "number": 40, "name": "غافر", "englishName": "Ghafir", "type": "مكية", "ayahCount": 85, "pageNumber": 467 },
  { "number": 41, "name": "فصلت", "englishName": "Fussilat", "type": "مكية", "ayahCount": 54, "pageNumber": 477 },
  { "number": 42, "name": "الشورى", "englishName": "Ash-Shura", "type": "مكية", "ayahCount": 53, "pageNumber": 482 },
  { "number": 43, "name": "الزخرف", "englishName": "Az-Zukhruf", "type": "مكية", "ayahCount": 89, "pageNumber": 489 },
  { "number": 44, "name": "الدخان", "englishName": "Ad-Dukhan", "type": "مكية", "ayahCount": 59, "pageNumber": 496 },
  { "number": 45, "name": "الجاثية", "englishName": "Al-Jathiya", "type": "مكية", "ayahCount": 37, "pageNumber": 499 },
  { "number": 46, "name": "الأحقاف", "englishName": "Al-Ahqaf", "type": "مكية", "ayahCount": 35, "pageNumber": 502 },
  { "number": 47, "name": "محمد", "englishName": "Muhammad", "type": "مدنية", "ayahCount": 38, "pageNumber": 507 },
  { "number": 48, "name": "الفتح", "englishName": "Al-Fath", "type": "مدنية", "ayahCount": 29, "pageNumber": 511 },
  { "number": 49, "name": "الحجرات", "englishName": "Al-Hujurat", "type": "مدنية", "ayahCount": 18, "pageNumber": 515 },
  { "number": 50, "name": "ق", "englishName": "Qaf", "type": "مكية", "ayahCount": 45, "pageNumber": 518 },
  { "number": 51, "name": "الذاريات", "englishName": "Adh-Dhariyat", "type": "مكية", "ayahCount": 60, "pageNumber": 520 },
  { "number": 52, "name": "الطور", "englishName": "At-Tur", "type": "مكية", "ayahCount": 49, "pageNumber": 523 },
  { "number": 53, "name": "النجم", "englishName": "An-Najm", "type": "مكية", "ayahCount": 62, "pageNumber": 526 },
  { "number": 54, "name": "القمر", "englishName": "Al-Qamar", "type": "مكية", "ayahCount": 55, "pageNumber": 528 },
  { "number": 55, "name": "الرحمن", "englishName": "Ar-Rahman", "type": "مدنية", "ayahCount": 78, "pageNumber": 531 },
  { "number": 56, "name": "الواقعة", "englishName": "Al-Waqia", "type": "مكية", "ayahCount": 96, "pageNumber": 534 },
  { "number": 57, "name": "الحديد", "englishName": "Al-Hadid", "type": "مدنية", "ayahCount": 29, "pageNumber": 537 },
  { "number": 58, "name": "المجادلة", "englishName": "Al-Mujadila", "type": "مدنية", "ayahCount": 22, "pageNumber": 542 },
  { "number": 59, "name": "الحشر", "englishName": "Al-Hashr", "type": "مدنية", "ayahCount": 24, "pageNumber": 545 },
  { "number": 60, "name": "الممتحنة", "englishName": "Al-Mumtahina", "type": "مدنية", "ayahCount": 13, "pageNumber": 549 },
  { "number": 61, "name": "الصف", "englishName": "As-Saff", "type": "مدنية", "ayahCount": 14, "pageNumber": 551 },
  { "number": 62, "name": "الجمعة", "englishName": "Al-Jumu'a", "type": "مدنية", "ayahCount": 11, "pageNumber": 553 },
  { "number": 63, "name": "المنافقون", "englishName": "Al-Munafiqun", "type": "مدنية", "ayahCount": 11, "pageNumber": 554 },
  { "number": 64, "name": "التغابن", "englishName": "At-Taghabun", "type": "مدنية", "ayahCount": 18, "pageNumber": 556 },
  { "number": 65, "name": "الطلاق", "englishName": "At-Talaq", "type": "مدنية", "ayahCount": 12, "pageNumber": 558 },
  { "number": 66, "name": "التحريم", "englishName": "At-Tahrim", "type": "مدنية", "ayahCount": 12, "pageNumber": 560 },
  { "number": 67, "name": "الملك", "englishName": "Al-Mulk", "type": "مكية", "ayahCount": 30, "pageNumber": 562 },
  { "number": 68, "name": "القلم", "englishName": "Al-Qalam", "type": "مكية", "ayahCount": 52, "pageNumber": 564 },
  { "number": 69, "name": "الحاقة", "englishName": "Al-Haqqa", "type": "مكية", "ayahCount": 52, "pageNumber": 566 },
  { "number": 70, "name": "المعارج", "englishName": "Al-Ma'arij", "type": "مكية", "ayahCount": 44, "pageNumber": 568 },
  { "number": 71, "name": "نوح", "englishName": "Nuh", "type": "مكية", "ayahCount": 28, "pageNumber": 570 },
  { "number": 72, "name": "الجن", "englishName": "Al-Jinn", "type": "مكية", "ayahCount": 28, "pageNumber": 572 },
  { "number": 73, "name": "المزمل", "englishName": "Al-Muzzammil", "type": "مكية", "ayahCount": 20, "pageNumber": 574 },
  { "number": 74, "name": "المدثر", "englishName": "Al-Muddathir", "type": "مكية", "ayahCount": 56, "pageNumber": 575 },
  { "number": 75, "name": "القيامة", "englishName": "Al-Qiyama", "type": "مكية", "ayahCount": 40, "pageNumber": 577 },
  { "number": 76, "name": "الإنسان", "englishName": "Al-Insan", "type": "مدنية", "ayahCount": 31, "pageNumber": 578 },
  { "number": 77, "name": "المرسلات", "englishName": "Al-Mursalat", "type": "مكية", "ayahCount": 50, "pageNumber": 580 },
  { "number": 78, "name": "النبأ", "englishName": "An-Naba", "type": "مكية", "ayahCount": 40, "pageNumber": 582 },
  { "number": 79, "name": "النازعات", "englishName": "An-Nazi'at", "type": "مكية", "ayahCount": 46, "pageNumber": 583 },
  { "number": 80, "name": "عبس", "englishName": "Abasa", "type": "مكية", "ayahCount": 42, "pageNumber": 585 },
  { "number": 81, "name": "التكوير", "englishName": "At-Takwir", "type": "مكية", "ayahCount": 29, "pageNumber": 586 },
  { "number": 82, "name": "الانفطار", "englishName": "Al-Infitar", "type": "مكية", "ayahCount": 19, "pageNumber": 587 },
  { "number": 83, "name": "المطففين", "englishName": "Al-Mutaffifin", "type": "مكية", "ayahCount": 36, "pageNumber": 587 },
  { "number": 84, "name": "الانشقاق", "englishName": "Al-Inshiqaq", "type": "مكية", "ayahCount": 25, "pageNumber": 589 },
  { "number": 85, "name": "البروج", "englishName": "Al-Buruj", "type": "مكية", "ayahCount": 22, "pageNumber": 590 },
  { "number": 86, "name": "الطارق", "englishName": "At-Tariq", "type": "مكية", "ayahCount": 17, "pageNumber": 591 },
  { "number": 87, "name": "الأعلى", "englishName": "Al-Ala", "type": "مكية", "ayahCount": 19, "pageNumber": 591 },
  { "number": 88, "name": "الغاشية", "englishName": "Al-Ghashiya", "type": "مكية", "ayahCount": 26, "pageNumber": 592 },
  { "number": 89, "name": "الفجر", "englishName": "Al-Fajr", "type": "مكية", "ayahCount": 30, "pageNumber": 593 },
  { "number": 90, "name": "البلد", "englishName": "Al-Balad", "type": "مكية", "ayahCount": 20, "pageNumber": 594 },
  { "number": 91, "name": "الشمس", "englishName": "Ash-Shams", "type": "مكية", "ayahCount": 15, "pageNumber": 595 },
  { "number": 92, "name": "الليل", "englishName": "Al-Lail", "type": "مكية", "ayahCount": 21, "pageNumber": 595 },
  { "number": 93, "name": "الضحى", "englishName": "Ad-Duha", "type": "مكية", "ayahCount": 11, "pageNumber": 596 },
  { "number": 94, "name": "الشرح", "englishName": "Ash-Sharh", "type": "مكية", "ayahCount": 8, "pageNumber": 596 },
  { "number": 95, "name": "التين", "englishName": "At-Tin", "type": "مكية", "ayahCount": 8, "pageNumber": 597 },
  { "number": 96, "name": "العلق", "englishName": "Al-Alaq", "type": "مكية", "ayahCount": 19, "pageNumber": 597 },
  { "number": 97, "name": "القدر", "englishName": "Al-Qadr", "type": "مكية", "ayahCount": 5, "pageNumber": 598 },
  { "number": 98, "name": "البينة", "englishName": "Al-Bayyina", "type": "مدنية", "ayahCount": 8, "pageNumber": 598 },
  { "number": 99, "name": "الزلزلة", "englishName": "Az-Zalzalah", "type": "مدنية", "ayahCount": 8, "pageNumber": 599 },
  { "number": 100, "name": "العاديات", "englishName": "Al-Adiyat", "type": "مكية", "ayahCount": 11, "pageNumber": 599 },
  { "number": 101, "name": "القارعة", "englishName": "Al-Qaria", "type": "مكية", "ayahCount": 11, "pageNumber": 600 },
  { "number": 102, "name": "التكاثر", "englishName": "At-Takathur", "type": "مكية", "ayahCount": 8, "pageNumber": 600 },
  { "number": 103, "name": "العصر", "englishName": "Al-Asr", "type": "مكية", "ayahCount": 3, "pageNumber": 601 },
  { "number": 104, "name": "الهمزة", "englishName": "Al-Humazah", "type": "مكية", "ayahCount": 9, "pageNumber": 601 },
  { "number": 105, "name": "الفيل", "englishName": "Al-Fil", "type": "مكية", "ayahCount": 5, "pageNumber": 601 },
  { "number": 106, "name": "قريش", "englishName": "Quraysh", "type": "مكية", "ayahCount": 4, "pageNumber": 602 },
  { "number": 107, "name": "الماعون", "englishName": "Al-Ma'un", "type": "مكية", "ayahCount": 7, "pageNumber": 602 },
  { "number": 108, "name": "الكوثر", "englishName": "Al-Kawthar", "type": "مكية", "ayahCount": 3, "pageNumber": 602 },
  { "number": 109, "name": "الكافرون", "englishName": "Al-Kafirun", "type": "مكية", "ayahCount": 6, "pageNumber": 603 },
  { "number": 110, "name": "النصر", "englishName": "An-Nasr", "type": "مدنية", "ayahCount": 3, "pageNumber": 603 },
  { "number": 111, "name": "المسد", "englishName": "Al-Masad", "type": "مكية", "ayahCount": 5, "pageNumber": 604 },
  { "number": 112, "name": "الإخلاص", "englishName": "Al-Ikhlas", "type": "مكية", "ayahCount": 4, "pageNumber": 604 },
  { "number": 113, "name": "الفلق", "englishName": "Al-Falaq", "type": "مكية", "ayahCount": 5, "pageNumber": 604 },
  { "number": 114, "name": "الناس", "englishName": "An-Nas", "type": "مكية", "ayahCount": 6, "pageNumber": 604 }
]
